Identifiant de l'emplacement;Adresse;Arrondissement;Emplacement statut;Coordonnées X en L93;Coordonnées Y en L93;Conseil de quartier;geo_shape;geo_point_2d
da-00564;35 RUE ALAIN CHARTIER;75015;ENPLACE;648366.58;6859944.48;SAINT - LAMBERT;"{""coordinates"": [2.296544492645434, 48.83748199941953], ""type"": ""Point""}";48.83748199941953, 2.296544492645434
da-00404;2 RUE DU GUIGNIER;75020;ENPLACE;655482.02;6863647.09;BELLEVILLE;"{""coordinates"": [2.3930935868145533, 48.871310240075616], ""type"": ""Point""}";48.871310240075616, 2.3930935868145533
da-00466;256B AVENUE DAUMESNIL;75012;ENPLACE;656213.88;6859779.49;BEL - AIR SUD;"{""coordinates"": [2.4034689209765445, 48.836579185404], ""type"": ""Point""}";48.836579185404, 2.4034689209765445
da-00451;33 RUE DU CHATEAU D EAU;75010;ENPLACE;652918.03;6863639.65;CHATEAU D'EAU - LANCRY;"{""coordinates"": [2.358141557244719, 48.87106099193411], ""type"": ""Point""}";48.87106099193411, 2.358141557244719
da-00748;13 AVENUE DE LA SIBELLE;75014;ENPLACE;651432.57;6858640.53;MONTSOURIS - DAREAU;"{""coordinates"": [2.338462419851891, 48.825993849490914], ""type"": ""Point""}";48.825993849490914, 2.338462419851891
da-00642;15 RUE VISCONTI;75006;ENPLACE;651245.73;6861950.85;SAINT - GERMAIN DES PRES;"{""coordinates"": [2.3355382574846657, 48.85574948774931], ""type"": ""Point""}";48.85574948774931, 2.3355382574846657
da-00775;127Z AVENUE JEAN JAURES;75019;ENPLACE;654752.67;6865310.04;BASSIN DE LA VILLETTE;"{""coordinates"": [2.3829737906910866, 48.886213922001325], ""type"": ""Point""}";48.886213922001325, 2.3829737906910866
da-00759;19 RUE DU DOCTEUR POTAIN;75019;ENPLACE;655834.99;6864244.83;PLACE DES FETES;"{""coordinates"": [2.3978433335600298, 48.87670989659955], ""type"": ""Point""}";48.87670989659955, 2.3978433335600298
da-00797;1 RUE DU PLATEAU;75019;ENPLACE;654929.26;6864393.97;PLATEAU;"{""coordinates"": [2.3854789864907566, 48.877988368111744], ""type"": ""Point""}";48.877988368111744, 2.3854789864907566
da-00836;17 RUE LOUIS BLANC;75010;ENPLACE;653669.66;6864536.23;GRANGE AUX BELLES - TERRAGE;"{""coordinates"": [2.368290160205813, 48.8791783003911], ""type"": ""Point""}";48.8791783003911, 2.368290160205813
da-00834;32 RUE DE L AQUEDUC;75010;ENPLACE;653277.93;6864835.18;LOUIS BLANC - AQUEDUC;"{""coordinates"": [2.3629162203671132, 48.881838378503716], ""type"": ""Point""}";48.881838378503716, 2.3629162203671132
da-00545;49 RUE DE BRETAGNE;75003;ENPLACE;653144.13;6862794.38;ENFANTS ROUGES;"{""coordinates"": [2.361316914900696, 48.86347614802209], ""type"": ""Point""}";48.86347614802209, 2.361316914900696
da-00498;29 BOULEVARD BRUNE;75014;ENPLACE;649185.15;6858805.54;DIDOT - PORTE DE VANVES;"{""coordinates"": [2.3078320879658807, 48.82730454108473], ""type"": ""Point""}";48.82730454108473, 2.3078320879658807
da-00568;24 RUE NEUVE TOLBIAC;75013;ENPLACE;654333.71;6859216.37;BIBLIOTHEQUE - SEINE;"{""coordinates"": [2.377915482704443, 48.83138449043843], ""type"": ""Point""}";48.83138449043843, 2.377915482704443
da-00571;2 PLACE DE LA PORTE MOLITOR;75016;ENPLACE;645497.16;6860860.1;AUTEUIL SUD;"{""coordinates"": [2.2573363389018697, 48.84547982654653], ""type"": ""Point""}";48.84547982654653, 2.2573363389018697
da-00583;4 PLACE MARCEL AYME;75018;ENPLACE;651430.88;6865493.86;MONTMARTRE;"{""coordinates"": [2.337656437887268, 48.88762496848961], ""type"": ""Point""}";48.88762496848961, 2.337656437887268
da-00383;1 AVENUE DE LA PORTE DE MONTREUIL;75020;ENPLACE;656775.64;6861680.94;SAINT BLAISE;"{""coordinates"": [2.410928617789864, 48.853716972842015], ""type"": ""Point""}";48.853716972842015, 2.410928617789864
da-00425;28 AVENUE DE SAXE;75007;ENPLACE;649264.62;6861227.37;ECOLE MILITAIRE;"{""coordinates"": [2.3086258017022714, 48.84909039069789], ""type"": ""Point""}";48.84909039069789, 2.3086258017022714
da-00423;8 RUE FRANCOIS MIRON;75004;ENPLACE;652677.68;6861966.96;SAINT - GERVAIS;"{""coordinates"": [2.3550512809054935, 48.856001180622236], ""type"": ""Point""}";48.856001180622236, 2.3550512809054935
DA-00194;1 BOULEVARD SAINT MARCEL;75013;ENPLACE;653122.29;6860132.48;SALPETRIERE - AUSTERLITZ;"{""coordinates"": [2.361312762742765, 48.839536158837575], ""type"": ""Point""}";48.839536158837575, 2.361312762742765
da-00774;16 AVENUE SIMON BOLIVAR;75019;ENPLACE;654824.12;6863978.75;PLATEAU;"{""coordinates"": [2.3840897090102104, 48.874246953076515], ""type"": ""Point""}";48.874246953076515, 2.3840897090102104
da-00606;10 PLACE JULES SENARD;75019;ENPLACE;656502.23;6864398.62;PORTE DES LILAS;"{""coordinates"": [2.406924489814913, 48.8781383647131], ""type"": ""Point""}";48.8781383647131, 2.406924489814913
da-00750;111 BOULEVARD DE MAGENTA;75010;ENPLACE;652553.9;6864571.32;SAINT - VINCENT DE PAUL - LARIBOISIERE;"{""coordinates"": [2.3530735663974114, 48.87941259369395], ""type"": ""Point""}";48.87941259369395, 2.3530735663974114
da-00809;13 RUE YVONNE LE TAC;75018;ENPLACE;651614.16;6865102.28;MONTMARTRE;"{""coordinates"": [2.3402003911972074, 48.88411744768968], ""type"": ""Point""}";48.88411744768968, 2.3402003911972074
da-00844;2 RUE TCHAIKOVSKI;75018;ENPLACE;653419.65;6866174.86;CHARLES HERMITE - EVANGILE;"{""coordinates"": [2.364701635832087, 48.89389591001246], ""type"": ""Point""}";48.89389591001246, 2.364701635832087
da-00483;77 RUE CROZATIER;75012;ENPLACE;654436.04;6861283.82;ALIGRE - GARE DE LYON;"{""coordinates"": [2.3790878825478816, 48.84998450063232], ""type"": ""Point""}";48.84998450063232, 2.3790878825478816
da-00643;28 RUE DE CHERBOURG;75015;ENPLACE;648878.48;6859198.08;GEORGES BRASSENS;"{""coordinates"": [2.303607968208628, 48.830810422513025], ""type"": ""Point""}";48.830810422513025, 2.303607968208628
da-00458;129 BOULEVARD RICHARD LENOIR;75011;ENPLACE;653719.36;6863087.55;REPUBLIQUE - SAINT-AMBROISE;"{""coordinates"": [2.369125483044403, 48.866154182073664], ""type"": ""Point""}";48.866154182073664, 2.369125483044403
da-00562;3 RUE DE LA JUSSIENNE;75002;ENPLACE;651885.28;6863006.21;MONTORGUEIL - SAINT-DENIS;"{""coordinates"": [2.344134635701432, 48.86528832484456], ""type"": ""Point""}";48.86528832484456, 2.344134635701432
da-00655;15 RUE SAINT LAMBERT;75015;ENPLACE;647985.1;6860001.47;VAUGIRARD - PARC DES EXPOSITIONS;"{""coordinates"": [2.2913405139047067, 48.83796383583216], ""type"": ""Point""}";48.83796383583216, 2.2913405139047067
da-00499;77 BOULEVARD BRUNE;75014;ENPLACE;649516.43;6858694.22;DIDOT - PORTE DE VANVES;"{""coordinates"": [2.312357554014522, 48.82632944031542], ""type"": ""Point""}";48.82632944031542, 2.312357554014522
DA-00214;11 AVENUE TRUDAINE;75009;ENPLACE;651986.08;6864822.06;ANVERS - MONTHOLON;"{""coordinates"": [2.3453034199733214, 48.88162534180979], ""type"": ""Point""}";48.88162534180979, 2.3453034199733214
da-00572;209 RUE ORDENER;75018;ENPLACE;651068.32;6866215.04;GRANDES CARRIERES - CLICHY;"{""coordinates"": [2.332629266840991, 48.89408281615021], ""type"": ""Point""}";48.89408281615021, 2.332629266840991
da-00326;19V AVENUE TRUDAINE;75009;ENPLACE;651901.5;6864816.52;ANVERS - MONTHOLON;"{""coordinates"": [2.344150719545893, 48.88156915941414], ""type"": ""Point""}";48.88156915941414, 2.344150719545893
DA-00133;1 RUE BOUTIN;75013;ENPLACE;651722.98;6858889.66;BUTTES AUX CAILLES - DAVIEL - BOUSSINGAULT;"{""coordinates"": [2.3423896396045514, 48.82825611739725], ""type"": ""Point""}";48.82825611739725, 2.3423896396045514
da-00437;74T BOULEVARD DE PORT ROYAL;75005;ENPLACE;651725.77;6860017.14;VAL DE GRACE;"{""coordinates"": [2.342299696502634, 48.83839581712313], ""type"": ""Point""}";48.83839581712313, 2.342299696502634
da-00588;22TZ RUE PAJOL;75018;ENPLACE;653300.57;6865712.0;LA CHAPELLE - MARX DORMOY;"{""coordinates"": [2.3631284837898563, 48.88972490781065], ""type"": ""Point""}";48.88972490781065, 2.3631284837898563
da-00456;35 RUE ALIBERT;75010;ENPLACE;653748.92;6863752.15;FAUBOURG DU TEMPLE - HOPITAL SAINT-LOUIS;"{""coordinates"": [2.3694561381786583, 48.87213291886288], ""type"": ""Point""}";48.87213291886288, 2.3694561381786583
da-00471;80TV COURS DE VINCENNES;75012;ENPLACE;656416.92;6860971.65;BEL - AIR NORD;"{""coordinates"": [2.406112777897554, 48.84731416847562], ""type"": ""Point""}";48.84731416847562, 2.406112777897554
da-00487;96 BOULEVARD VINCENT AURIOL;75013;ENPLACE;653289.66;6859456.53;SALPETRIERE - AUSTERLITZ;"{""coordinates"": [2.363667257834427, 48.8334695221321], ""type"": ""Point""}";48.8334695221321, 2.363667257834427
DA-00221;53B RUE D AUTEUIL;75016;ENPLACE;646009.67;6861122.91;AUTEUIL SUD;"{""coordinates"": [2.264286029961864, 48.8478864442946], ""type"": ""Point""}";48.8478864442946, 2.264286029961864
da-00722;6 RUE DE LA CHINE;75020;ENPLACE;655968.88;6863128.15;GAMBETTA;"{""coordinates"": [2.399784507848722, 48.86667694631668], ""type"": ""Point""}";48.86667694631668, 2.399784507848722
da-00287;141V BOULEVARD DE MENILMONTANT;75011;ENPLACE;654735.76;6863160.98;BELLEVILLE - SAINT-MAUR;"{""coordinates"": [2.3829721737689793, 48.86688670747691], ""type"": ""Point""}";48.86688670747691, 2.3829721737689793
da-00788;34 RUE LAMARCK;75018;ENPLACE;651893.19;6865630.34;MONTMARTRE;"{""coordinates"": [2.3439452656119983, 48.888886941082795], ""type"": ""Point""}";48.888886941082795, 2.3439452656119983
DA-00231;5X BOULEVARD RICHARD LENOIR;75011;ENPLACE;653773.29;6861878.51;BASTILLE - POPINCOURT;"{""coordinates"": [2.369992102356534, 48.85528523971379], ""type"": ""Point""}";48.85528523971379, 2.369992102356534
da-00500;77 BOULEVARD BRUNE;75014;ENPLACE;649527.17;6858690.94;DIDOT - PORTE DE VANVES;"{""coordinates"": [2.3125042838989858, 48.82630075820499], ""type"": ""Point""}";48.82630075820499, 2.3125042838989858
da-00559;22B RUE BROCHANT;75017;ENPLACE;650054.66;6865716.15;BATIGNOLLES;"{""coordinates"": [2.3188635148637458, 48.889518607274475], ""type"": ""Point""}";48.889518607274475, 2.3188635148637458
DA-00218;190 AVENUE DE VERSAILLES;75016;ENPLACE;645784.95;6860164.38;AUTEUIL SUD;"{""coordinates"": [2.2613461687814085, 48.83924754689911], ""type"": ""Point""}";48.83924754689911, 2.2613461687814085
da-00533;58 BOULEVARD SAINT GERMAIN;75005;ENPLACE;652226.11;6861290.53;SORBONNE;"{""coordinates"": [2.348973237924009, 48.84988473641065], ""type"": ""Point""}";48.84988473641065, 2.348973237924009
DA-00128;1V BOULEVARD AUGUSTE BLANQUI;75013;ENPLACE;652628.47;6859197.17;BUTTES AUX CAILLES - DAVIEL - BOUSSINGAULT;"{""coordinates"": [2.354689121427518, 48.831088754345124], ""type"": ""Point""}";48.831088754345124, 2.354689121427518
DA-00193;96 BOULEVARD VINCENT AURIOL;75013;ENPLACE;653288.81;6859457.75;SALPETRIERE - AUSTERLITZ;"{""coordinates"": [2.3636554628149313, 48.83348034803693], ""type"": ""Point""}";48.83348034803693, 2.3636554628149313
da-00406;1 RUE VIDAL DE LA BLACHE;75020;ENPLACE;656662.27;6863400.68;GAMBETTA;"{""coordinates"": [2.409208339556463, 48.86917478411411], ""type"": ""Point""}";48.86917478411411, 2.409208339556463
DA-00199;364 RUE LECOURBE;75015;ENPLACE;647277.49;6859820.24;VAUGIRARD - PARC DES EXPOSITIONS;"{""coordinates"": [2.2817229225155895, 48.83627660440796], ""type"": ""Point""}";48.83627660440796, 2.2817229225155895
da-00448;9 RUE CADET;75009;ENPLACE;651806.33;6864081.39;FAUBOURG MONTMARTRE;"{""coordinates"": [2.3429365506212028, 48.874951248984], ""type"": ""Point""}";48.874951248984, 2.3429365506212028
da-00731;55 RUE DE ROMAINVILLE;75019;ENPLACE;656207.9;6864324.83;PORTE DES LILAS;"{""coordinates"": [2.4029191932895237, 48.87745482911424], ""type"": ""Point""}";48.87745482911424, 2.4029191932895237
da-00735;2 AVENUE SECRETAN;75019;ENPLACE;653849.09;6864873.5;SECRETAN;"{""coordinates"": [2.370699816494426, 48.88222408728834], ""type"": ""Point""}";48.88222408728834, 2.370699816494426
da-00816;18 AVENUE JOSEPH BEDIER;75013;ENPLACE;653931.32;6858021.34;MASSENA - JEANNE D'ARC;"{""coordinates"": [2.3725635170887487, 48.82060875381862], ""type"": ""Point""}";48.82060875381862, 2.3725635170887487
da-00837;59 RUE NOTRE DAME DES CHAMPS;75006;ENPLACE;650889.85;6860634.6;NOTRE - DAME DES CHAMPS;"{""coordinates"": [2.330840208800182, 48.8438855203699], ""type"": ""Point""}";48.8438855203699, 2.330840208800182
da-00557;234 RUE DE CRIMEE;75019;ENPLACE;654053.45;6866184.98;PONT DE FLANDRE;"{""coordinates"": [2.3733444088840114, 48.89403240533299], ""type"": ""Point""}";48.89403240533299, 2.3733444088840114
da-00666;20 RUE DE LA FEDERATION;75015;ENPLACE;647994.88;6861846.18;DUPLEIX - LA MOTTE PICQUET;"{""coordinates"": [2.291248166855213, 48.854554014263115], ""type"": ""Point""}";48.854554014263115, 2.291248166855213
da-00563;35 RUE ALAIN CHARTIER;75015;ENPLACE;648365.27;6859945.78;SAINT - LAMBERT;"{""coordinates"": [2.2965264542487454, 48.83749358607046], ""type"": ""Point""}";48.83749358607046, 2.2965264542487454
da-00736;57 RUE DE TANGER;75019;ENPLACE;653878.81;6865644.53;FLANDRE - AUBERVILLIERS;"{""coordinates"": [2.371021365536903, 48.88915984653757], ""type"": ""Point""}";48.88915984653757, 2.371021365536903
da-00670;38 RUE DES PERCHAMPS;75016;ENPLACE;646295.33;6861272.24;AUTEUIL NORD;"{""coordinates"": [2.268159598006409, 48.849253239330295], ""type"": ""Point""}";48.849253239330295, 2.268159598006409
da-00348;3 RUE DU CAPITAINE FERBER;75020;ENPLACE;656344.46;6862928.79;GAMBETTA;"{""coordinates"": [2.404924506696053, 48.864909714621156], ""type"": ""Point""}";48.864909714621156, 2.404924506696053
da-00346;73 RUE DE LA REUNION;75020;ENPLACE;656041.98;6861947.59;REUNION - PERE LACHAISE;"{""coordinates"": [2.4009030292676536, 48.85606529011012], ""type"": ""Point""}";48.85606529011012, 2.4009030292676536
da-00593;14B RUE CLAVEL;75019;ENPLACE;654830.14;6864101.28;PLATEAU;"{""coordinates"": [2.3841587047772697, 48.875349298228805], ""type"": ""Point""}";48.875349298228805, 2.3841587047772697
DA-00186;35 RUE ALIBERT;75010;ENPLACE;653746.74;6863749.58;FAUBOURG DU TEMPLE - HOPITAL SAINT-LOUIS;"{""coordinates"": [2.369426693920264, 48.87210963280784], ""type"": ""Point""}";48.87210963280784, 2.369426693920264
da-00386;44 RUE DU TELEGRAPHE;75020;ENPLACE;655926.7;6864102.79;TELEGRAPHE - PELLEPORT - SAINT-FARGEAU;"{""coordinates"": [2.3991084259784534, 48.87543883905121], ""type"": ""Point""}";48.87543883905121, 2.3991084259784534
DA-00197;1V PLACE CHARLES VALLIN;75015;ENPLACE;648808.9;6859726.69;ALLERAY - PROCESSION;"{""coordinates"": [2.302596504309066, 48.8355586827991], ""type"": ""Point""}";48.8355586827991, 2.302596504309066
da-00438;2T RUE LOBINEAU;75006;ENPLACE;651323.63;6861518.2;ODEON;"{""coordinates"": [2.336649312594917, 48.85186462292294], ""type"": ""Point""}";48.85186462292294, 2.336649312594917
da-00611;190 AVENUE DE VERSAILLES;75016;ENPLACE;645785.88;6860167.77;AUTEUIL SUD;"{""coordinates"": [2.2613584799133353, 48.83927814408474], ""type"": ""Point""}";48.83927814408474, 2.2613584799133353
da-00464;1Z RUE BARON LE ROY;75012;ENPLACE;654977.07;6859709.32;BERCY;"{""coordinates"": [2.3866270414130355, 48.835862962460794], ""type"": ""Point""}";48.835862962460794, 2.3866270414130355
da-00445;1M PLACE DE LA MADELEINE;75008;ENPLACE;650420.65;6863570.65;ELYSEES - MADELEINE;"{""coordinates"": [2.3241049835531613, 48.87025308525655], ""type"": ""Point""}";48.87025308525655, 2.3241049835531613
da-00449;9 RUE CADET;75009;ENPLACE;651804.61;6864078.74;FAUBOURG MONTMARTRE;"{""coordinates"": [2.3429134044415716, 48.87492732727073], ""type"": ""Point""}";48.87492732727073, 2.3429134044415716
da-00459;99 BOULEVARD RICHARD LENOIR;75011;ENPLACE;653844.02;6862840.83;REPUBLIQUE - SAINT-AMBROISE;"{""coordinates"": [2.370851536120041, 48.86394436396054], ""type"": ""Point""}";48.86394436396054, 2.370851536120041
da-00444;78 BOULEVARD RASPAIL;75006;ENPLACE;650670.87;6861105.39;SAINT - PLACIDE;"{""coordinates"": [2.327801992291129, 48.84810261301707], ""type"": ""Point""}";48.84810261301707, 2.327801992291129
da-00474;197 AVENUE DAUMESNIL;75012;ENPLACE;655559.48;6860161.21;JARDIN DE REUILLY;"{""coordinates"": [2.394514035093588, 48.839967220028804], ""type"": ""Point""}";48.839967220028804, 2.394514035093588
da-00511;364 RUE LECOURBE;75015;ENPLACE;647276.34;6859821.5;VAUGIRARD - PARC DES EXPOSITIONS;"{""coordinates"": [2.28170699255931, 48.8362878237776], ""type"": ""Point""}";48.8362878237776, 2.28170699255931
da-00524;49 RUE DU SIMPLON;75018;ENPLACE;652169.64;6866248.21;AMIRAUX - SIMPLON - POISSONNIERS;"{""coordinates"": [2.3476455413972475, 48.894463806613615], ""type"": ""Point""}";48.894463806613615, 2.3476455413972475
da-00743;55 RUE SARRETTE;75014;ENPLACE;650582.6;6858547.55;JEAN MOULIN - PORTE D'ORLEANS;"{""coordinates"": [2.3268963009177632, 48.82509305025053], ""type"": ""Point""}";48.82509305025053, 2.3268963009177632
da-00749;2Z PLACE DE LA GARENNE;75014;ENPLACE;650086.39;6859506.48;PERNETY;"{""coordinates"": [2.320025406107152, 48.833678583564115], ""type"": ""Point""}";48.833678583564115, 2.320025406107152
da-00779;13 RUE DU FAUCONNIER;75004;ENPLACE;653021.58;6861750.71;SAINT - GERVAIS;"{""coordinates"": [2.3597619404407646, 48.854081593461636], ""type"": ""Point""}";48.854081593461636, 2.3597619404407646
da-00780;2B RUE DE LA JUSSIENNE;75002;ENPLACE;651891.29;6863001.39;MONTORGUEIL - SAINT-DENIS;"{""coordinates"": [2.344217077321138, 48.865245407490775], ""type"": ""Point""}";48.865245407490775, 2.344217077321138
da-00585;64 RUE D ORSEL;75018;ENPLACE;651591.68;6865047.31;MONTMARTRE;"{""coordinates"": [2.3399000422011667, 48.8836214330646], ""type"": ""Point""}";48.8836214330646, 2.3399000422011667
da-00730;26 RUE DU RHIN;75019;ENPLACE;654665.37;6865035.03;MANIN - JAURES;"{""coordinates"": [2.381812671128573, 48.88373474209693], ""type"": ""Point""}";48.88373474209693, 2.381812671128573
da-00465;256B AVENUE DAUMESNIL;75012;ENPLACE;656215.37;6859780.28;BEL - AIR SUD;"{""coordinates"": [2.403489070251466, 48.83658638365992], ""type"": ""Point""}";48.83658638365992, 2.403489070251466
da-00805;25 RUE DE CLIGNANCOURT;75018;ENPLACE;652129.45;6865231.96;MONTMARTRE;"{""coordinates"": [2.347211955939733, 48.88532211697022], ""type"": ""Point""}";48.88532211697022, 2.347211955939733
da-00813;4 PLACE CHARLES DULLIN;75018;ENPLACE;651754.09;6865008.39;MONTMARTRE;"{""coordinates"": [2.342119095843486, 48.88328361957052], ""type"": ""Point""}";48.88328361957052, 2.342119095843486
da-00840;16 RUE DU DOCTEUR LAURENT;75013;ENPLACE;652679.19;6858505.97;ITALIE - PEUPLIERS - RUNGIS;"{""coordinates"": [2.355456861846405, 48.82487642620118], ""type"": ""Point""}";48.82487642620118, 2.355456861846405
da-00546;1 AVENUE EMILE ET ARMAND MASSARD;75017;ENPLACE;648491.73;6865661.31;CHAMPERRET - BERTHIER;"{""coordinates"": [2.2975566263677805, 48.888902320602234], ""type"": ""Point""}";48.888902320602234, 2.2975566263677805
DA-00219;2 PLACE DE LA PORTE MOLITOR;75016;ENPLACE;645498.52;6860861.61;AUTEUIL SUD;"{""coordinates"": [2.2573546509762994, 48.845493545886775], ""type"": ""Point""}";48.845493545886775, 2.2573546509762994
da-00582;4 PLACE CHARLES DULLIN;75018;ENPLACE;651759.17;6865007.95;MONTMARTRE;"{""coordinates"": [2.342188358465092, 48.883279972040135], ""type"": ""Point""}";48.883279972040135, 2.342188358465092
da-00486;1V BOULEVARD AUGUSTE BLANQUI;75013;ENPLACE;652633.31;6859199.27;BUTTES AUX CAILLES - DAVIEL - BOUSSINGAULT;"{""coordinates"": [2.354754865599851, 48.831108018338696], ""type"": ""Point""}";48.831108018338696, 2.354754865599851
da-00463;1Z RUE BARON LE ROY;75012;ENPLACE;654978.59;6859707.39;BERCY;"{""coordinates"": [2.386647939068721, 48.835845707385346], ""type"": ""Point""}";48.835845707385346, 2.386647939068721
da-00473;8 BOULEVARD DE REUILLY;75012;ENPLACE;655242.71;6860049.36;JARDIN DE REUILLY;"{""coordinates"": [2.3902101126401964, 48.8389394298074], ""type"": ""Point""}";48.8389394298074, 2.3902101126401964
da-00470;106 BOULEVARD DE PICPUS;75012;ENPLACE;655909.98;6861014.98;BEL - AIR NORD;"{""coordinates"": [2.3992007998214295, 48.84766931948946], ""type"": ""Point""}";48.84766931948946, 2.3992007998214295
da-00790;1 RUE FERDINAND FLOCON;75018;ENPLACE;652014.21;6865865.71;CLIGNANCOURT - JULES JOFFRIN;"{""coordinates"": [2.3455689289263404, 48.89101258629151], ""type"": ""Point""}";48.89101258629151, 2.3455689289263404
da-00708;3 RUE AU MAIRE;75003;ENPLACE;652863.24;6862900.52;ARTS ET METIERS;"{""coordinates"": [2.357476567382649, 48.86441018234737], ""type"": ""Point""}";48.86441018234737, 2.357476567382649
da-00692;22 RUE GASTON REBUFFAT;75019;ENPLACE;653659.15;6865176.53;FLANDRE - AUBERVILLIERS;"{""coordinates"": [2.3680769293976107, 48.884935514720695], ""type"": ""Point""}";48.884935514720695, 2.3680769293976107
da-00721;6 RUE DE LA CHINE;75020;ENPLACE;655966.64;6863130.39;GAMBETTA;"{""coordinates"": [2.3997537503335034, 48.86669693095846], ""type"": ""Point""}";48.86669693095846, 2.3997537503335034
da-00734;127Z AVENUE JEAN JAURES;75019;ENPLACE;654753.98;6865310.83;BASSIN DE LA VILLETTE;"{""coordinates"": [2.3829915046677637, 48.88622110086048], ""type"": ""Point""}";48.88622110086048, 2.3829915046677637
da-00802;7 BOULEVARD DE REUILLY;75012;ENPLACE;655244.79;6860075.22;JARDIN DE REUILLY;"{""coordinates"": [2.39023565619773, 48.83917211431683], ""type"": ""Point""}";48.83917211431683, 2.39023565619773
da-00804;2V PLACE D IENA;75016;ENPLACE;648252.81;6863005.59;CHAILLOT;"{""coordinates"": [2.294622066347656, 48.865001145525085], ""type"": ""Point""}";48.865001145525085, 2.294622066347656
da-00796;9 RUE FESSART;75019;ENPLACE;655114.6;6864189.56;PLATEAU;"{""coordinates"": [2.3880275768246206, 48.87616307804424], ""type"": ""Point""}";48.87616307804424, 2.3880275768246206
da-00806;25 RUE DE CLIGNANCOURT;75018;ENPLACE;652129.3;6865230.25;MONTMARTRE;"{""coordinates"": [2.3472101136484227, 48.88530666635891], ""type"": ""Point""}";48.88530666635891, 2.3472101136484227
da-00831;11 RUE LEON SCHWARTZENBERG;75010;ENPLACE;652590.43;6864185.31;PORTE SAINT-DENIS - PARADIS;"{""coordinates"": [2.353614678301634, 48.875943986063206], ""type"": ""Point""}";48.875943986063206, 2.353614678301634
da-00718;2 RUE SAINT SEBASTIEN;75011;ENPLACE;653611.35;6862481.0;REPUBLIQUE - SAINT-AMBROISE;"{""coordinates"": [2.367719490246747, 48.86069180026762], ""type"": ""Point""}";48.86069180026762, 2.367719490246747
da-00553;14 RUE DE JOINVILLE;75019;ENPLACE;654523.93;6865714.45;BASSIN DE LA VILLETTE;"{""coordinates"": [2.37981133662761, 48.8898345003414], ""type"": ""Point""}";48.8898345003414, 2.37981133662761
da-00539;22B RUE BROCHANT;75017;ENPLACE;650055.91;6865717.18;BATIGNOLLES;"{""coordinates"": [2.3188804202712263, 48.8895280078812], ""type"": ""Point""}";48.8895280078812, 2.3188804202712263
da-00530;152 AVENUE D ITALIE;75013;ENPLACE;652878.87;6858215.66;ITALIE - PEUPLIERS - RUNGIS;"{""coordinates"": [2.3582087021323552, 48.82228025348018], ""type"": ""Point""}";48.82228025348018, 2.3582087021323552
da-00529;152 AVENUE D ITALIE;75013;ENPLACE;652878.56;6858216.93;ITALIE - PEUPLIERS - RUNGIS;"{""coordinates"": [2.358204237374412, 48.82229165162099], ""type"": ""Point""}";48.82229165162099, 2.358204237374412
da-00345;73 RUE DE LA REUNION;75020;ENPLACE;656038.02;6861945.61;REUNION - PERE LACHAISE;"{""coordinates"": [2.400849147756811, 48.8560471736872], ""type"": ""Point""}";48.8560471736872, 2.400849147756811
da-00384;1 AVENUE DE LA PORTE DE MONTREUIL;75020;ENPLACE;656777.62;6861677.24;SAINT BLAISE;"{""coordinates"": [2.410956037204065, 48.85368379506709], ""type"": ""Point""}";48.85368379506709, 2.410956037204065
da-00727;10 PASSAGE DE L ATLAS;75019;ENPLACE;654275.14;6864112.11;BAS - BELLEVILLE;"{""coordinates"": [2.3765911204696986, 48.875407490741566], ""type"": ""Point""}";48.875407490741566, 2.3765911204696986
da-00726;38 AVENUE MATHURIN MOREAU;75019;ENPLACE;654175.6;6864446.32;SECRETAN;"{""coordinates"": [2.375197963903974, 48.87840596855041], ""type"": ""Point""}";48.87840596855041, 2.375197963903974
da-00388;127 RUE DE MENILMONTANT;75020;ENPLACE;655610.73;6863504.34;BELLEVILLE;"{""coordinates"": [2.3948631711010253, 48.87003542528363], ""type"": ""Point""}";48.87003542528363, 2.3948631711010253
da-00472;80TV COURS DE VINCENNES;75012;ENPLACE;656415.86;6860964.98;BEL - AIR NORD;"{""coordinates"": [2.4060990021921076, 48.8472540556308], ""type"": ""Point""}";48.8472540556308, 2.4060990021921076
da-00603;1 PLACE DU MAROC;75019;ENPLACE;653751.23;6865335.7;FLANDRE - AUBERVILLIERS;"{""coordinates"": [2.3693151290164796, 48.886373533769614], ""type"": ""Point""}";48.886373533769614, 2.3693151290164796
da-00706;18 RUE LAURE DIEBOLD;75008;ENPLACE;649071.92;6864229.01;HOCHE - FRIEDLAND;"{""coordinates"": [2.305640230270278, 48.87606833996948], ""type"": ""Point""}";48.87606833996948, 2.305640230270278
da-00599;17 RUE DE L OURCQ;75019;ENPLACE;654858.63;6865505.2;BASSIN DE LA VILLETTE;"{""coordinates"": [2.3843979671225446, 48.88797641730351], ""type"": ""Point""}";48.88797641730351, 2.3843979671225446
da-00594;46 RUE DES SOLITAIRES;75019;ENPLACE;655378.47;6864240.45;PLACE DES FETES;"{""coordinates"": [2.391619743658029, 48.87663907745725], ""type"": ""Point""}";48.87663907745725, 2.391619743658029
DA-00116;27 RUE BOUCHARDON;75010;ENPLACE;652914.86;6863638.78;CHATEAU D'EAU - LANCRY;"{""coordinates"": [2.3580983597623666, 48.87105300078934], ""type"": ""Point""}";48.87105300078934, 2.3580983597623666
DA-00117;85B BOULEVARD DE MAGENTA;75010;ENPLACE;652702.91;6864318.35;SAINT - VINCENT DE PAUL - LARIBOISIERE;"{""coordinates"": [2.3551333361082225, 48.877148672216784], ""type"": ""Point""}";48.877148672216784, 2.3551333361082225
DA-00215;5 PLACE DU DOCTEUR HAYEM;75016;ENPLACE;646856.59;6861642.86;AUTEUIL NORD;"{""coordinates"": [2.2757612401578178, 48.85263267563743], ""type"": ""Point""}";48.85263267563743, 2.2757612401578178
da-00495;1 RUE HENRI BARBOUX;75014;ENPLACE;650576.5;6858284.26;JEAN MOULIN - PORTE D'ORLEANS;"{""coordinates"": [2.326843801158365, 48.82272475489129], ""type"": ""Point""}";48.82272475489129, 2.326843801158365
DA-00220;21 AVENUE DU GENERAL SARRAIL;75016;ENPLACE;645404.17;6860873.41;AUTEUIL SUD;"{""coordinates"": [2.2560676250699427, 48.84559172647787], ""type"": ""Point""}";48.84559172647787, 2.2560676250699427
da-00792;25 RUE DU PETIT MUSC;75004;ENPLACE;653358.03;6861607.34;ARSENAL;"{""coordinates"": [2.3643626676450737, 48.852816727343665], ""type"": ""Point""}";48.852816727343665, 2.3643626676450737
DA-00195;1 RUE BOUTIN;75013;ENPLACE;651722.02;6858890.96;BUTTES AUX CAILLES - DAVIEL - BOUSSINGAULT;"{""coordinates"": [2.342376426042065, 48.82826769614123], ""type"": ""Point""}";48.82826769614123, 2.342376426042065
DA-00233;124 RUE DU FAUBOURG DU TEMPLE;75011;ENPLACE;654284.41;6863715.95;BELLEVILLE - SAINT-MAUR;"{""coordinates"": [2.376760017841563, 48.87184562908622], ""type"": ""Point""}";48.87184562908622, 2.376760017841563
da-00443;63 BOULEVARD RASPAIL;75006;ENPLACE;650645.05;6861271.58;RENNES;"{""coordinates"": [2.327430832270527, 48.84959512907437], ""type"": ""Point""}";48.84959512907437, 2.327430832270527
da-00506;130V BOULEVARD DE GRENELLE;75015;ENPLACE;648481.35;6861231.62;DUPLEIX - LA MOTTE PICQUET;"{""coordinates"": [2.297952093161173, 48.84906644548863], ""type"": ""Point""}";48.84906644548863, 2.297952093161173
da-00497;31 BOULEVARD BRUNE;75014;ENPLACE;649197.98;6858802.56;DIDOT - PORTE DE VANVES;"{""coordinates"": [2.3080072437573445, 48.82727871275346], ""type"": ""Point""}";48.82727871275346, 2.3080072437573445
da-00678;91 BOULEVARD SUCHET;75016;ENPLACE;645698.6;6861349.52;AUTEUIL NORD;"{""coordinates"": [2.2600185319153328, 48.84989820467457], ""type"": ""Point""}";48.84989820467457, 2.2600185319153328
da-00589;2 RUE MAURICE GENEVOIX;75018;ENPLACE;653112.74;6866260.35;LA CHAPELLE - MARX DORMOY;"{""coordinates"": [2.3605065091806945, 48.894642437112225], ""type"": ""Point""}";48.894642437112225, 2.3605065091806945
da-00751;126Z QUAI DE JEMMAPES;75010;ENPLACE;653381.17;6864152.47;GRANGE AUX BELLES - TERRAGE;"{""coordinates"": [2.364398903521111, 48.87570641973586], ""type"": ""Point""}";48.87570641973586, 2.364398903521111
da-00785;30V BOULEVARD DES BATIGNOLLES;75017;ENPLACE;650450.63;6864983.24;BATIGNOLLES;"{""coordinates"": [2.324348826325705, 48.882958411731664], ""type"": ""Point""}";48.882958411731664, 2.324348826325705
DA-00235;141V BOULEVARD DE MENILMONTANT;75011;ENPLACE;654736.27;6863159.26;BELLEVILLE - SAINT-MAUR;"{""coordinates"": [2.3829793775634047, 48.86687134431631], ""type"": ""Point""}";48.86687134431631, 2.3829793775634047
da-00800;53 RUE D AUTEUIL;75016;ENPLACE;646010.83;6861124.74;AUTEUIL SUD;"{""coordinates"": [2.2643016646805405, 48.84790302763308], ""type"": ""Point""}";48.84790302763308, 2.2643016646805405
da-00807;21 RUE DURANTIN;75018;ENPLACE;651338.59;6865331.5;MONTMARTRE;"{""coordinates"": [2.336416513455055, 48.88615795965817], ""type"": ""Point""}";48.88615795965817, 2.336416513455055
da-00830;103 RUE DU CHATEAU DES RENTIERS;75013;ENPLACE;653551.08;6858871.95;MASSENA - JEANNE D'ARC;"{""coordinates"": [2.3672921684188126, 48.82823113856537], ""type"": ""Point""}";48.82823113856537, 2.3672921684188126
da-00841;14T RUE PAJOL;75018;ENPLACE;653155.35;6865374.2;LA CHAPELLE - MARX DORMOY;"{""coordinates"": [2.3611853592882777, 48.88667667818656], ""type"": ""Point""}";48.88667667818656, 2.3611853592882777
da-00556;6 AVENUE DE LA PORTE BRUNET;75019;ENPLACE;655720.07;6864987.91;DANUBE;"{""coordinates"": [2.3961990964115234, 48.88338432859834], ""type"": ""Point""}";48.88338432859834, 2.3961990964115234
da-00558;234 RUE DE CRIMEE;75019;ENPLACE;654050.43;6866188.49;PONT DE FLANDRE;"{""coordinates"": [2.373302865458587, 48.89406380437965], ""type"": ""Point""}";48.89406380437965, 2.373302865458587
da-00540;2 RUE FARADAY;75017;ENPLACE;648067.69;6864809.92;TERNES - MAILLOT;"{""coordinates"": [2.291878223771873, 48.88121204834078], ""type"": ""Point""}";48.88121204834078, 2.291878223771873
da-00537;22B RUE BROCHANT;75017;ENPLACE;650053.42;6865714.64;BATIGNOLLES;"{""coordinates"": [2.3188468025920024, 48.889504972830466], ""type"": ""Point""}";48.889504972830466, 2.3188468025920024
DA-00240;110 BOULEVARD RICHARD LENOIR;75011;ENPLACE;653867.62;6862854.62;REPUBLIQUE - SAINT-AMBROISE;"{""coordinates"": [2.371171773142113, 48.86407013120771], ""type"": ""Point""}";48.86407013120771, 2.371171773142113
da-00565;64V PLACE DE LA REUNION;75020;ENPLACE;656065.63;6861891.29;REUNION - PERE LACHAISE;"{""coordinates"": [2.401231163039039, 48.855560583729584], ""type"": ""Point""}";48.855560583729584, 2.401231163039039
da-00569;24 RUE NEUVE TOLBIAC;75013;ENPLACE;654334.9;6859217.82;BIBLIOTHEQUE - SEINE;"{""coordinates"": [2.3779315460622277, 48.8313976616076], ""type"": ""Point""}";48.8313976616076, 2.3779315460622277
da-00581;76 RUE CHAMPIONNET;75018;ENPLACE;651933.8;6866403.69;CLIGNANCOURT - JULES JOFFRIN;"{""coordinates"": [2.344411491098375, 48.89584440620466], ""type"": ""Point""}";48.89584440620466, 2.344411491098375
da-00365;92 BOULEVARD DAVOUT;75020;ENPLACE;656739.76;6861951.83;SAINT BLAISE;"{""coordinates"": [2.4104120835232306, 48.856150692340385], ""type"": ""Point""}";48.856150692340385, 2.4104120835232306
da-00596;21 AVENUE DE LA PORTE BRUNET;75019;ENPLACE;655853.43;6865054.68;DANUBE;"{""coordinates"": [2.398010566933755, 48.88399398369003], ""type"": ""Point""}";48.88399398369003, 2.398010566933755
da-00408;58 BOULEVARD MORTIER;75020;ENPLACE;656658.94;6863281.51;GAMBETTA;"{""coordinates"": [2.4091750491307082, 48.868102893305], ""type"": ""Point""}";48.868102893305, 2.4091750491307082
da-00608;19 AVENUE CORENTIN CARIOU;75019;ENPLACE;654850.42;6866456.38;PONT DE FLANDRE;"{""coordinates"": [2.384184841492075, 48.89652939464865], ""type"": ""Point""}";48.89652939464865, 2.384184841492075
da-00467;282 AVENUE DAUMESNIL;75012;ENPLACE;656415.23;6859660.7;BEL - AIR SUD;"{""coordinates"": [2.4062241334136396, 48.835524589638126], ""type"": ""Point""}";48.835524589638126, 2.4062241334136396
da-00469;106 BOULEVARD DE PICPUS;75012;ENPLACE;655909.75;6861013.03;BEL - AIR NORD;"{""coordinates"": [2.3991978069290316, 48.84765174456998], ""type"": ""Point""}";48.84765174456998, 2.3991978069290316
da-00776;2 BOULEVARD KELLERMANN;75013;ENPLACE;652931.09;6857874.08;ITALIE - PEUPLIERS - RUNGIS;"{""coordinates"": [2.358957661348927, 48.81921213384354], ""type"": ""Point""}";48.81921213384354, 2.358957661348927
da-00484;77 RUE CROZATIER;75012;ENPLACE;654437.09;6861282.07;ALIGRE - GARE DE LYON;"{""coordinates"": [2.3791023700638396, 48.84996882542772], ""type"": ""Point""}";48.84996882542772, 2.3791023700638396
da-00714;2 PARVIS DES 260 ENFANTS;75004;ENPLACE;652947.08;6862172.75;SAINT - GERVAIS;"{""coordinates"": [2.358699944970166, 48.85787154021563], ""type"": ""Point""}";48.85787154021563, 2.358699944970166
da-00725;16 AVENUE SIMON BOLIVAR;75019;ENPLACE;654821.43;6863977.25;PLATEAU;"{""coordinates"": [2.384053233036995, 48.87423333833719], ""type"": ""Point""}";48.87423333833719, 2.384053233036995
da-00592;11 RUE CAVE;75018;ENPLACE;652713.85;6865383.76;GOUTTE D'OR - CHATEAU ROUGE;"{""coordinates"": [2.3551638877662677, 48.88673039417273], ""type"": ""Point""}";48.88673039417273, 2.3551638877662677
da-00762;86 QUAI DE LA LOIRE;75019;ENPLACE;654446.68;6865429.71;BASSIN DE LA VILLETTE;"{""coordinates"": [2.378788382442515, 48.88726854446034], ""type"": ""Point""}";48.88726854446034, 2.378788382442515
da-00810;4 PLACE JEANNE BOHEC;75018;ENPLACE;652176.04;6865332.18;GOUTTE D'OR - CHATEAU ROUGE;"{""coordinates"": [2.3478360276996892, 48.88622676755032], ""type"": ""Point""}";48.88622676755032, 2.3478360276996892
da-00827;3 PLACE DE L ESCADRILLE NORMANDIE NIEMEN;75013;ENPLACE;653832.46;6859240.06;BIBLIOTHEQUE - SEINE;"{""coordinates"": [2.3710849521425166, 48.831561880489986], ""type"": ""Point""}";48.831561880489986, 2.3710849521425166
da-00845;22 RUE SEXTIUS MICHEL;75015;ENPLACE;647787.46;6861353.28;DUPLEIX - LA MOTTE PICQUET;"{""coordinates"": [2.2884820638225003, 48.8501046518656], ""type"": ""Point""}";48.8501046518656, 2.2884820638225003
da-00434;2 RUE DES CARMES;75005;ENPLACE;652167.01;6861312.66;SORBONNE;"{""coordinates"": [2.348165345519454, 48.850079324017244], ""type"": ""Point""}";48.850079324017244, 2.348165345519454
da-00573;134 RUE ORDENER;75018;ENPLACE;651470.19;6866140.51;CLIGNANCOURT - JULES JOFFRIN;"{""coordinates"": [2.3381185790127033, 48.89344298835839], ""type"": ""Point""}";48.89344298835839, 2.3381185790127033
da-00590;2 PLACE PIERRE MAC ORLAN;75018;ENPLACE;653243.58;6866335.55;CHARLES HERMITE - EVANGILE;"{""coordinates"": [2.3622826867716102, 48.89532815804026], ""type"": ""Point""}";48.89532815804026, 2.3622826867716102
da-00602;56 RUE PETIT;75019;ENPLACE;654880.86;6865198.92;MANIN - JAURES;"{""coordinates"": [2.3847336426948273, 48.885223645201094], ""type"": ""Point""}";48.885223645201094, 2.3847336426948273
da-00283;1 PLACE DU PERE CHAILLET;75011;ENPLACE;654449.66;6862037.23;BASTILLE - POPINCOURT;"{""coordinates"": [2.379192795462768, 48.85676080097405], ""type"": ""Point""}";48.85676080097405, 2.379192795462768
DA-00187;41B BOULEVARD DE LA VILLETTE;75010;ENPLACE;654051.78;6864069.69;FAUBOURG DU TEMPLE - HOPITAL SAINT-LOUIS;"{""coordinates"": [2.373550557554065, 48.87501013890962], ""type"": ""Point""}";48.87501013890962, 2.373550557554065
da-00777;2 BOULEVARD KELLERMANN;75013;ENPLACE;652933.78;6857874.08;ITALIE - PEUPLIERS - RUNGIS;"{""coordinates"": [2.3589942573386065, 48.819212330034055], ""type"": ""Point""}";48.819212330034055, 2.3589942573386065
da-00303;16V BOULEVARD RICHARD LENOIR;75011;ENPLACE;653787.29;6861871.6;BASTILLE - POPINCOURT;"{""coordinates"": [2.370183663498596, 48.85522416686417], ""type"": ""Point""}";48.85522416686417, 2.370183663498596
da-00808;13 RUE HEGESIPPE MOREAU;75018;ENPLACE;650647.67;6865495.65;GRANDES CARRIERES - CLICHY;"{""coordinates"": [2.3269759508222108, 48.88758147571573], ""type"": ""Point""}";48.88758147571573, 2.3269759508222108
da-00826;60 RUE DUNOIS;75013;ENPLACE;653538.06;6859358.0;SALPETRIERE - AUSTERLITZ;"{""coordinates"": [2.367061769732166, 48.832601372863735], ""type"": ""Point""}";48.832601372863735, 2.367061769732166
da-00534;2 PLACE MONGE;75005;ENPLACE;652445.5;6860535.72;JARDIN DES PLANTES;"{""coordinates"": [2.3520471645964878, 48.84311298679043], ""type"": ""Point""}";48.84311298679043, 2.3520471645964878
da-00894;26 RUE SIBUET;75012;ENPLACE;656139.14;6860500.88;BEL - AIR NORD;"{""coordinates"": [2.402376310852187, 48.84306160807513], ""type"": ""Point""}";48.84306160807513, 2.402376310852187
da-00436;84 BOULEVARD DE PORT ROYAL;75005;ENPLACE;651549.42;6860087.81;VAL DE GRACE;"{""coordinates"": [2.3398891893982867, 48.839018124248426], ""type"": ""Point""}";48.839018124248426, 2.3398891893982867
da-00512;87 BOULEVARD LEFEBVRE;75015;ENPLACE;648253.75;6859134.46;GEORGES BRASSENS;"{""coordinates"": [2.295105815600798, 48.830188472873225], ""type"": ""Point""}";48.830188472873225, 2.295105815600798
da-00535;2 PLACE MONGE;75005;ENPLACE;652446.83;6860540.8;JARDIN DES PLANTES;"{""coordinates"": [2.3520646209758933, 48.84315876893131], ""type"": ""Point""}";48.84315876893131, 2.3520646209758933
DA-00210;74T BOULEVARD DE PORT ROYAL;75005;ENPLACE;651726.09;6860018.25;VAL DE GRACE;"{""coordinates"": [2.3423040350040942, 48.838405823948996], ""type"": ""Point""}";48.838405823948996, 2.3423040350040942
da-00548;32V BOULEVARD DE REIMS;75017;ENPLACE;648490.57;6865662.62;CHAMPERRET - BERTHIER;"{""coordinates"": [2.2975406309168447, 48.8889140187819], ""type"": ""Point""}";48.8889140187819, 2.2975406309168447
da-00668;166 BOULEVARD MURAT;75016;ENPLACE;646104.3;6860119.27;AUTEUIL SUD;"{""coordinates"": [2.265702746082913, 48.83886870157117], ""type"": ""Point""}";48.83886870157117, 2.265702746082913
da-00660;20 RUE FALGUIERE;75015;ENPLACE;649846.82;6860572.26;PASTEUR - MONTPARNASSE;"{""coordinates"": [2.3166362350856193, 48.84324454269276], ""type"": ""Point""}";48.84324454269276, 2.3166362350856193
da-00570;24 RUE GROS;75016;ENPLACE;646823.55;6861502.23;AUTEUIL NORD;"{""coordinates"": [2.275328563735735, 48.85136528152469], ""type"": ""Point""}";48.85136528152469, 2.275328563735735
DA-00207;2 RUE DES CARMES;75005;ENPLACE;652168.21;6861313.18;SORBONNE;"{""coordinates"": [2.348181686031281, 48.85008414635452], ""type"": ""Point""}";48.85008414635452, 2.348181686031281
da-00366;1 RUE MENDELSSOHN;75020;ENPLACE;656743.94;6861935.11;SAINT BLAISE;"{""coordinates"": [2.4104707541164396, 48.856000604392264], ""type"": ""Point""}";48.856000604392264, 2.4104707541164396
da-00405;1 RUE VIDAL DE LA BLACHE;75020;ENPLACE;656664.33;6863400.94;GAMBETTA;"{""coordinates"": [2.4092364444375978, 48.86917730247668], ""type"": ""Point""}";48.86917730247668, 2.4092364444375978
da-00286;62V BOULEVARD DE BELLEVILLE;75011;ENPLACE;654559.57;6863405.69;BELLEVILLE - SAINT-MAUR;"{""coordinates"": [2.3805443123296604, 48.869074959463944], ""type"": ""Point""}";48.869074959463944, 2.3805443123296604
da-00430;23 PLACE DE LA BOURSE;75002;ENPLACE;651619.27;6863412.58;VIVIENNE - GAILLON;"{""coordinates"": [2.3404624842979325, 48.86892276323735], ""type"": ""Point""}";48.86892276323735, 2.3404624842979325
da-00457;114V BOULEVARD DE CHARONNE;75011;ENPLACE;655681.13;6861768.36;NATION - ALEXANDRE DUMAS;"{""coordinates"": [2.3960038427944585, 48.8544288035125], ""type"": ""Point""}";48.8544288035125, 2.3960038427944585
da-00479;53 RUE DE REUILLY;75012;ENPLACE;655098.91;6860820.04;JARDIN DE REUILLY;"{""coordinates"": [2.3881695527272435, 48.845860225374985], ""type"": ""Point""}";48.845860225374985, 2.3881695527272435
da-00513;67 RUE DE LA PROCESSION;75015;ENPLACE;649384.26;6859796.57;PASTEUR - MONTPARNASSE;"{""coordinates"": [2.3104262066895362, 48.83623261073861], ""type"": ""Point""}";48.83623261073861, 2.3104262066895362
DA-00226;30V BOULEVARD DES BATIGNOLLES;75017;ENPLACE;650453.47;6864982.68;BATIGNOLLES;"{""coordinates"": [2.3243876894307878, 48.88295359298383], ""type"": ""Point""}";48.88295359298383, 2.3243876894307878
da-00304;13X BOULEVARD RICHARD LENOIR;75011;ENPLACE;653799.87;6861966.33;BASTILLE - POPINCOURT;"{""coordinates"": [2.3703448922734722, 48.85607691322004], ""type"": ""Point""}";48.85607691322004, 2.3703448922734722
da-00740;48 RUE BOULARD;75014;ENPLACE;650662.73;6859383.81;MOUTON - DUVERNET;"{""coordinates"": [2.327890783785507, 48.832619753285634], ""type"": ""Point""}";48.832619753285634, 2.327890783785507
da-00713;205 RUE SAINT MARTIN;75003;ENPLACE;652511.18;6862840.78;SAINT - AVOYE;"{""coordinates"": [2.352684532893289, 48.863847045960064], ""type"": ""Point""}";48.863847045960064, 2.352684532893289
da-00728;2 RUE DE L ORME;75019;ENPLACE;656023.49;6864335.27;PORTE DES LILAS;"{""coordinates"": [2.4004038402140435, 48.87753607603159], ""type"": ""Point""}";48.87753607603159, 2.4004038402140435
da-00597;301 RUE DE BELLEVILLE;75019;ENPLACE;656203.02;6864182.4;PORTE DES LILAS;"{""coordinates"": [2.4028673385665975, 48.87617361941035], ""type"": ""Point""}";48.87617361941035, 2.4028673385665975
da-00598;26 RUE HENRI TUROT;75019;ENPLACE;654088.16;6864283.78;BAS - BELLEVILLE;"{""coordinates"": [2.3740233494915293, 48.876938012199105], ""type"": ""Point""}";48.876938012199105, 2.3740233494915293
da-00607;2Z PASSAGE NAFISSA SID CARA;75019;ENPLACE;656654.73;6864499.1;PORTE DES LILAS;"{""coordinates"": [2.4089934490681273, 48.87905217779309], ""type"": ""Point""}";48.87905217779309, 2.4089934490681273
da-00761;2 RUE DU PLATEAU;75019;ENPLACE;654913.49;6864394.64;PLATEAU;"{""coordinates"": [2.3852639207484567, 48.877993246277946], ""type"": ""Point""}";48.877993246277946, 2.3852639207484567
da-00789;6 PLACE CONSTANTIN PECQUEUR;75018;ENPLACE;651482.13;6865688.35;MONTMARTRE;"{""coordinates"": [2.3383331113226764, 48.889377799023464], ""type"": ""Point""}";48.889377799023464, 2.3383331113226764
da-00839;8V PLACE EMILE LANDRIN;75020;ENPLACE;655997.3;6862840.61;GAMBETTA;"{""coordinates"": [2.4002016160508113, 48.86409312357643], ""type"": ""Point""}";48.86409312357643, 2.4002016160508113
da-00843;16V RUE JOSEPH DE MAISTRE;75018;ENPLACE;651041.01;6865430.16;GRANDES CARRIERES - CLICHY;"{""coordinates"": [2.332347307427422, 48.88702255642128], ""type"": ""Point""}";48.88702255642128, 2.332347307427422
da-00851;1 RUE ANNIE GIRARDOT;75013;ENPLACE;652094.79;6858201.34;ITALIE - PEUPLIERS - RUNGIS;"{""coordinates"": [2.347531519927581, 48.822093702015714], ""type"": ""Point""}";48.822093702015714, 2.347531519927581
da-00549;3 RUE PETITOT;75019;ENPLACE;655463.73;6864243.51;PLACE DES FETES;"{""coordinates"": [2.392781811503064, 48.87667246652158], ""type"": ""Point""}";48.87667246652158, 2.392781811503064
da-00431;23 PLACE DE LA BOURSE;75002;ENPLACE;651621.98;6863411.65;VIVIENNE - GAILLON;"{""coordinates"": [2.3404994973017765, 48.86891463837627], ""type"": ""Point""}";48.86891463837627, 2.3404994973017765
da-00541;32 PLACE DU MARCHE SAINT HONORE;75001;ENPLACE;651010.46;6863190.6;PLACE VENDOME;"{""coordinates"": [2.332188948778537, 48.866880524718844], ""type"": ""Point""}";48.866880524718844, 2.332188948778537
DA-00165;134 RUE ORDENER;75018;ENPLACE;651471.83;6866139.93;CLIGNANCOURT - JULES JOFFRIN;"{""coordinates"": [2.3381409218381215, 48.89343788138961], ""type"": ""Point""}";48.89343788138961, 2.3381409218381215
DA-00229;209 RUE ORDENER;75018;ENPLACE;651066.88;6866215.73;GRANDES CARRIERES - CLICHY;"{""coordinates"": [2.3326095763867865, 48.89408885058583], ""type"": ""Point""}";48.89408885058583, 2.3326095763867865
DA-00225;39BV RUE LANTIEZ;75017;ENPLACE;650471.47;6866434.5;EPINETTES - BESSIERES;"{""coordinates"": [2.3244636718312344, 48.896010685319034], ""type"": ""Point""}";48.896010685319034, 2.3244636718312344
da-00586;34 RUE LAMARCK;75018;ENPLACE;651893.43;6865631.62;MONTMARTRE;"{""coordinates"": [2.343948377993307, 48.8888985036781], ""type"": ""Point""}";48.8888985036781, 2.343948377993307
da-00567;76 AVENUE D ITALIE;75013;ENPLACE;652796.45;6858672.23;NATIONALE - DEUX MOULINS;"{""coordinates"": [2.357035561112918, 48.8263802608113], ""type"": ""Point""}";48.8263802608113, 2.357035561112918
da-00612;2 PLACE DE LA PORTE MOLITOR;75016;ENPLACE;645495.67;6860858.46;AUTEUIL SUD;"{""coordinates"": [2.2573162214179288, 48.845464952896485], ""type"": ""Point""}";48.845464952896485, 2.2573162214179288
da-00613;22 RUE DE LA PY;75020;ENPLACE;656387.81;6862903.89;GAMBETTA;"{""coordinates"": [2.4055179248782843, 48.86468868583781], ""type"": ""Point""}";48.86468868583781, 2.4055179248782843
da-00614;22 RUE DE LA PY;75020;ENPLACE;656389.67;6862906.2;GAMBETTA;"{""coordinates"": [2.405543123452672, 48.86470962172475], ""type"": ""Point""}";48.86470962172475, 2.405543123452672
da-00462;14 PLACE LACHAMBEAUDIE;75012;ENPLACE;655049.5;6859755.61;BERCY;"{""coordinates"": [2.3876088982403325, 48.83628424268232], ""type"": ""Point""}";48.83628424268232, 2.3876088982403325
da-00455;41B BOULEVARD DE LA VILLETTE;75010;ENPLACE;654056.25;6864073.02;FAUBOURG DU TEMPLE - HOPITAL SAINT-LOUIS;"{""coordinates"": [2.373611146149257, 48.87504040649559], ""type"": ""Point""}";48.87504040649559, 2.373611146149257
da-00476;197 AVENUE DAUMESNIL;75012;ENPLACE;655561.05;6860160.59;JARDIN DE REUILLY;"{""coordinates"": [2.394535487822373, 48.83996179754435], ""type"": ""Point""}";48.83996179754435, 2.394535487822373
da-00638;16 RUE SAINT BENOIT;75006;ENPLACE;651050.51;6861857.39;SAINT - GERMAIN DES PRES;"{""coordinates"": [2.3328884283266746, 48.85489421589509], ""type"": ""Point""}";48.85489421589509, 2.3328884283266746
da-00755;21 PASSAGE DES MAUXINS;75019;ENPLACE;656336.51;6864344.75;PORTE DES LILAS;"{""coordinates"": [2.404670645588201, 48.87764268392505], ""type"": ""Point""}";48.87764268392505, 2.404670645588201
da-00817;8 PLACE FARHAT HACHED;75013;ENPLACE;654591.17;6858625.41;BIBLIOTHEQUE - SEINE;"{""coordinates"": [2.3814854979231006, 48.82608809868561], ""type"": ""Point""}";48.82608809868561, 2.3814854979231006
DA-00209;84 BOULEVARD DE PORT ROYAL;75005;ENPLACE;651550.46;6860085.98;VAL DE GRACE;"{""coordinates"": [2.33990356482602, 48.83900177394948], ""type"": ""Point""}";48.83900177394948, 2.33990356482602
da-00812;19 RUE CUSTINE;75018;ENPLACE;652159.41;6865580.6;MONTMARTRE;"{""coordinates"": [2.347581312674986, 48.88845950403735], ""type"": ""Point""}";48.88845950403735, 2.347581312674986
da-00847;207 RUE SAINT CHARLES;75015;ENPLACE;647098.15;6860158.1;CITROEN - BOUCICAUT;"{""coordinates"": [2.2792377680797795, 48.8393002426736], ""type"": ""Point""}";48.8393002426736, 2.2792377680797795
da-00555;187Z1 AVENUE JEAN JAURES;75019;ENPLACE;655230.15;6865495.77;MANIN - JAURES;"{""coordinates"": [2.3894651573653873, 48.88791754133723], ""type"": ""Point""}";48.88791754133723, 2.3894651573653873
da-00729;49 RUE EDOUARD PAILLERON;75019;ENPLACE;654548.58;6864787.48;SECRETAN;"{""coordinates"": [2.3802466742213837, 48.88150029183371], ""type"": ""Point""}";48.88150029183371, 2.3802466742213837
da-00893;26 RUE SIBUET;75012;ENPLACE;656139.21;6860502.74;BEL - AIR NORD;"{""coordinates"": [2.4023771361888415, 48.84307839600956], ""type"": ""Point""}";48.84307839600956, 2.4023771361888415
da-00542;1 RUE MONTORGUEIL;75001;ENPLACE;652032.19;6862765.07;LES HALLES;"{""coordinates"": [2.3461643524468143, 48.863130727091644], ""type"": ""Point""}";48.863130727091644, 2.3461643524468143
DA-00156;22B RUE BROCHANT;75017;ENPLACE;650051.95;6865713.13;BATIGNOLLES;"{""coordinates"": [2.3188268403611674, 48.889491237157664], ""type"": ""Point""}";48.889491237157664, 2.3188268403611674
da-00577;19 RUE DES AMIRAUX;75018;ENPLACE;652382.4;6866264.94;AMIRAUX - SIMPLON - POISSONNIERS;"{""coordinates"": [2.350545327744296, 48.89463007385935], ""type"": ""Point""}";48.89463007385935, 2.350545327744296
DA-00185;54M BOULEVARD AUGUSTE BLANQUI;75013;ENPLACE;652269.47;6859023.87;BUTTES AUX CAILLES - DAVIEL - BOUSSINGAULT;"{""coordinates"": [2.3498183362993, 48.82950379602908], ""type"": ""Point""}";48.82950379602908, 2.3498183362993
DA-00211;78 BOULEVARD RASPAIL;75006;ENPLACE;650671.8;6861106.37;SAINT - PLACIDE;"{""coordinates"": [2.327814625667422, 48.848111513017], ""type"": ""Point""}";48.848111513017, 2.327814625667422
da-00424;15 AVENUE DE SAXE;75007;ENPLACE;649277.43;6861239.76;ECOLE MILITAIRE;"{""coordinates"": [2.308798821230977, 48.84920275381138], ""type"": ""Point""}";48.84920275381138, 2.308798821230977
da-00461;42 AVENUE LEDRU ROLLIN;75012;ENPLACE;653844.36;6861032.43;ALIGRE - GARE DE LYON;"{""coordinates"": [2.3710525908222615, 48.84768162630557], ""type"": ""Point""}";48.84768162630557, 2.3710525908222615
da-00490;1 BOULEVARD SAINT MARCEL;75013;ENPLACE;653121.0;6860133.19;SALPETRIERE - AUSTERLITZ;"{""coordinates"": [2.361295077424778, 48.83954251914588], ""type"": ""Point""}";48.83954251914588, 2.361295077424778
da-00627;12B RUE DE LA VICTOIRE;75009;ENPLACE;651571.73;6864100.01;FAUBOURG MONTMARTRE;"{""coordinates"": [2.339736093638652, 48.87510110275941], ""type"": ""Point""}";48.87510110275941, 2.339736093638652
da-00285;124 RUE DU FAUBOURG DU TEMPLE;75011;ENPLACE;654286.46;6863714.56;BELLEVILLE - SAINT-MAUR;"{""coordinates"": [2.3767882172590835, 48.87183329221946], ""type"": ""Point""}";48.87183329221946, 2.3767882172590835
da-00720;134 RUE AMELOT;75011;ENPLACE;653548.43;6862948.85;REPUBLIQUE - SAINT-AMBROISE;"{""coordinates"": [2.366810705231058, 48.86489453406204], ""type"": ""Point""}";48.86489453406204, 2.366810705231058
da-00739;35 RUE DUSSOUBS;75002;ENPLACE;652289.16;6863226.07;SENTIER - BONNE NOUVELLE;"{""coordinates"": [2.3496150335897825, 48.867295488361066], ""type"": ""Point""}";48.867295488361066, 2.3496150335897825
da-00818;47 RUE DES GRANDS MOULINS;75013;ENPLACE;654316.7;6858839.6;BIBLIOTHEQUE - SEINE;"{""coordinates"": [2.3777241166879914, 48.82799496809234], ""type"": ""Point""}";48.82799496809234, 2.3777241166879914
da-00798;26 RUE DU RHIN;75019;ENPLACE;654664.68;6865036.77;MANIN - JAURES;"{""coordinates"": [2.3818031770666854, 48.883750284697314], ""type"": ""Point""}";48.883750284697314, 2.3818031770666854
da-00828;39Z RUE DU CHATEAU DES RENTIERS;75013;ENPLACE;653739.55;6858488.25;MASSENA - JEANNE D'ARC;"{""coordinates"": [2.3699009921864724, 48.82479402206003], ""type"": ""Point""}";48.82479402206003, 2.3699009921864724
da-00846;15 RUE LACORDAIRE;75015;ENPLACE;647433.57;6860602.59;CITROEN - BOUCICAUT;"{""coordinates"": [2.283752433063151, 48.84332492796841], ""type"": ""Point""}";48.84332492796841, 2.283752433063151
da-00717;2 RUE SAINT SEBASTIEN;75011;ENPLACE;653609.54;6862480.38;REPUBLIQUE - SAINT-AMBROISE;"{""coordinates"": [2.367694802896277, 48.860686075895806], ""type"": ""Point""}";48.860686075895806, 2.367694802896277
da-00544;49 RUE DE BRETAGNE;75003;ENPLACE;653143.01;6862795.65;ENFANTS ROUGES;"{""coordinates"": [2.3613015310889627, 48.8634874687149], ""type"": ""Point""}";48.8634874687149, 2.3613015310889627
da-00547;26 RUE NAVIER;75017;ENPLACE;650465.21;6866434.19;EPINETTES - BESSIERES;"{""coordinates"": [2.3243783952416046, 48.89600742804436], ""type"": ""Point""}";48.89600742804436, 2.3243783952416046
da-00543;49 RUE DE BRETAGNE;75003;ENPLACE;653142.04;6862796.92;ENFANTS ROUGES;"{""coordinates"": [2.361288183668432, 48.86349879667632], ""type"": ""Point""}";48.86349879667632, 2.361288183668432
da-00647;1 PLACE DU CARDINAL AMETTE;75015;ENPLACE;648392.95;6861469.93;DUPLEIX - LA MOTTE PICQUET;"{""coordinates"": [2.296718563401816, 48.85120247099112], ""type"": ""Point""}";48.85120247099112, 2.296718563401816
da-00576;12 RUE DU SIMPLON;75018;ENPLACE;652460.33;6866138.64;AMIRAUX - SIMPLON - POISSONNIERS;"{""coordinates"": [2.3516223072445457, 48.89350006595542], ""type"": ""Point""}";48.89350006595542, 2.3516223072445457
DA-00237;114V BOULEVARD DE CHARONNE;75011;ENPLACE;655680.45;6861769.63;NATION - ALEXANDRE DUMAS;"{""coordinates"": [2.395994456559425, 48.85444010411822], ""type"": ""Point""}";48.85444010411822, 2.395994456559425
da-00343;68 PLACE DE LA REUNION;75020;ENPLACE;656079.16;6861931.19;REUNION - PERE LACHAISE;"{""coordinates"": [2.4014113446605414, 48.855920303254166], ""type"": ""Point""}";48.855920303254166, 2.4014113446605414
da-00403;2V PLACE DU GUIGNIER;75020;ENPLACE;655479.03;6863651.57;BELLEVILLE;"{""coordinates"": [2.3930524321047226, 48.871350292852505], ""type"": ""Point""}";48.871350292852505, 2.3930524321047226
da-00609;6 RUE DE LA CHINE;75020;ENPLACE;655967.86;6863129.1;GAMBETTA;"{""coordinates"": [2.3997705018009574, 48.866685402707205], ""type"": ""Point""}";48.866685402707205, 2.3997705018009574
da-00468;282 AVENUE DAUMESNIL;75012;ENPLACE;656416.36;6859659.54;BEL - AIR SUD;"{""coordinates"": [2.4062395746511163, 48.83551417521718], ""type"": ""Point""}";48.83551417521718, 2.4062395746511163
da-00446;11 AVENUE TRUDAINE;75009;ENPLACE;651992.08;6864823.5;ANVERS - MONTHOLON;"{""coordinates"": [2.3453850550165396, 48.88163869990263], ""type"": ""Point""}";48.88163869990263, 2.3453850550165396
da-00454;85B BOULEVARD DE MAGENTA;75010;ENPLACE;652719.01;6864289.8;SAINT - VINCENT DE PAUL - LARIBOISIERE;"{""coordinates"": [2.355356134283912, 48.87689305919382], ""type"": ""Point""}";48.87689305919382, 2.355356134283912
da-00514;1 RUE BOIS LE VENT;75016;ENPLACE;646974.92;6862188.37;MUETTE SUD;"{""coordinates"": [2.277305755133379, 48.85754813901936], ""type"": ""Point""}";48.85754813901936, 2.277305755133379
da-00719;6 RUE JEAN PIERRE TIMBAUD;75011;ENPLACE;653551.11;6862949.89;REPUBLIQUE - SAINT-AMBROISE;"{""coordinates"": [2.3668472204760342, 48.864904126278674], ""type"": ""Point""}";48.864904126278674, 2.3668472204760342
da-00711;29 RUE DE L ARBRE SEC;75001;ENPLACE;651740.32;6862454.65;SAINT - GERMAIN L'AUXERROIS;"{""coordinates"": [2.342221314227626, 48.8603173515372], ""type"": ""Point""}";48.8603173515372, 2.342221314227626
da-00625;13 RUE DE MONTHOLON;75009;ENPLACE;652124.31;6864261.93;FAUBOURG MONTMARTRE;"{""coordinates"": [2.347251286572115, 48.87659849891879], ""type"": ""Point""}";48.87659849891879, 2.347251286572115
da-00815;12 AVENUE BOUTROUX;75013;ENPLACE;654160.63;6858217.21;MASSENA - JEANNE D'ARC;"{""coordinates"": [2.375665416225436, 48.8223865983058], ""type"": ""Point""}";48.8223865983058, 2.375665416225436
DA-00238;1 PLACE DU PERE CHAILLET;75011;ENPLACE;654450.62;6862038.85;BASTILLE - POPINCOURT;"{""coordinates"": [2.379205676470547, 48.85677544803874], ""type"": ""Point""}";48.85677544803874, 2.379205676470547
da-00852;1 RUE ANNIE GIRARDOT;75013;ENPLACE;652094.79;6858199.85;ITALIE - PEUPLIERS - RUNGIS;"{""coordinates"": [2.347531687938035, 48.82208027609757], ""type"": ""Point""}";48.82208027609757, 2.347531687938035
DA-00208;2 PLACE MONGE;75005;ENPLACE;652443.31;6860535.99;JARDIN DES PLANTES;"{""coordinates"": [2.352017211673568, 48.84311523664073], ""type"": ""Point""}";48.84311523664073, 2.352017211673568
DA-00142;130V BOULEVARD DE GRENELLE;75015;ENPLACE;648480.41;6861229.85;DUPLEIX - LA MOTTE PICQUET;"{""coordinates"": [2.29793956274145, 48.849050464036665], ""type"": ""Point""}";48.849050464036665, 2.29793956274145
da-00503;2 PLACE STEPHANE HESSEL;75014;ENPLACE;650456.97;6860337.26;MONTPARNASSE - RASPAIL;"{""coordinates"": [2.324976897791188, 48.84117840325747], ""type"": ""Point""}";48.84117840325747, 2.324976897791188
DA-00191;58V BOULEVARD DE LA CHAPELLE;75018;ENPLACE;652740.53;6865104.82;GOUTTE D'OR - CHATEAU ROUGE;"{""coordinates"": [2.3555588203314697, 48.884223928659864], ""type"": ""Point""}";48.884223928659864, 2.3555588203314697
DA-00232;13X BOULEVARD RICHARD LENOIR;75011;ENPLACE;653810.3;6861947.56;BASTILLE - POPINCOURT;"{""coordinates"": [2.3704889750535507, 48.85590887230079], ""type"": ""Point""}";48.85590887230079, 2.3704889750535507
da-00532;58 BOULEVARD SAINT GERMAIN;75005;ENPLACE;652224.92;6861292.49;SORBONNE;"{""coordinates"": [2.3489567940759195, 48.84990225544248], ""type"": ""Point""}";48.84990225544248, 2.3489567940759195
da-00385;44 RUE DU TELEGRAPHE;75020;ENPLACE;655926.24;6864101.93;TELEGRAPHE - PELLEPORT - SAINT-FARGEAU;"{""coordinates"": [2.3991021415744704, 48.87543107505202], ""type"": ""Point""}";48.87543107505202, 2.3991021415744704
da-00601;74 RUE DE MEAUX;75019;ENPLACE;654325.86;6865014.91;SECRETAN;"{""coordinates"": [2.3771854132295016, 48.883529782039275], ""type"": ""Point""}";48.883529782039275, 2.3771854132295016
DA-00234;35BV BOULEVARD DE BELLEVILLE;75011;ENPLACE;654564.55;6863384.52;BELLEVILLE - SAINT-MAUR;"{""coordinates"": [2.3806145392506877, 48.86888496171035], ""type"": ""Point""}";48.86888496171035, 2.3806145392506877
DA-00201;158 ROND POINT SAINT CHARLES;75015;ENPLACE;647258.89;6860469.58;CITROEN - BOUCICAUT;"{""coordinates"": [2.281389022664252, 48.84211454632647], ""type"": ""Point""}";48.84211454632647, 2.281389022664252
DA-00200;87 BOULEVARD LEFEBVRE;75015;ENPLACE;648254.98;6859133.69;GEORGES BRASSENS;"{""coordinates"": [2.2951227157719085, 48.83018161399162], ""type"": ""Point""}";48.83018161399162, 2.2951227157719085
da-00435;2 PLACE MONGE;75005;ENPLACE;652444.44;6860535.8;JARDIN DES PLANTES;"{""coordinates"": [2.352032608167756, 48.8431136445246], ""type"": ""Point""}";48.8431136445246, 2.352032608167756
da-00460;236 RUE DE BERCY;75012;ENPLACE;653738.02;6860930.79;ALIGRE - GARE DE LYON;"{""coordinates"": [2.3696145653071192, 48.84675993160477], ""type"": ""Point""}";48.84675993160477, 2.3696145653071192
da-00507;1V PLACE CHARLES VALLIN;75015;ENPLACE;648806.12;6859727.56;ALLERAY - PROCESSION;"{""coordinates"": [2.3025585565615536, 48.8355663031676], ""type"": ""Point""}";48.8355663031676, 2.3025585565615536
da-00485;54M BOULEVARD AUGUSTE BLANQUI;75013;ENPLACE;652268.01;6859023.27;BUTTES AUX CAILLES - DAVIEL - BOUSSINGAULT;"{""coordinates"": [2.349798475736433, 48.82949828282325], ""type"": ""Point""}";48.82949828282325, 2.349798475736433
da-00685;17 RUE AUGUSTE COMTE;75006;ENPLACE;651183.33;6860672.29;NOTRE - DAME DES CHAMPS;"{""coordinates"": [2.3348345394822974, 48.8442467551757], ""type"": ""Point""}";48.8442467551757, 2.3348345394822974
da-00732;29 RUE DES ARDENNES;75019;ENPLACE;654952.95;6865627.94;MANIN - JAURES;"{""coordinates"": [2.385671128638777, 48.88908674457623], ""type"": ""Point""}";48.88908674457623, 2.385671128638777
da-00814;25 RUE DU PETIT MUSC;75004;ENPLACE;653357.41;6861606.49;ARSENAL;"{""coordinates"": [2.3643543727749416, 48.85280907475084], ""type"": ""Point""}";48.85280907475084, 2.3643543727749416
da-00536;60 BOULEVARD RASPAIL;75006;ENPLACE;650638.45;6861271.34;SAINT - PLACIDE;"{""coordinates"": [2.327340953724611, 48.84959246083992], ""type"": ""Point""}";48.84959246083992, 2.327340953724611
DA-00189;144V BOULEVARD NEY;75018;ENPLACE;651393.2;6866637.36;MOSKOWA - PORTE MONTMARTRE - PORTE DE CLIGNANCOURT;"{""coordinates"": [2.337011700071341, 48.89790515121876], ""type"": ""Point""}";48.89790515121876, 2.337011700071341
DA-00143;2V PLACE MARCEL CERDAN;75015;ENPLACE;648074.59;6861439.53;DUPLEIX - LA MOTTE PICQUET;"{""coordinates"": [2.292384130844766, 48.85090349930456], ""type"": ""Point""}";48.85090349930456, 2.292384130844766
da-00737;9 RUE FESSART;75019;ENPLACE;655112.93;6864189.9;PLATEAU;"{""coordinates"": [2.3880047752671163, 48.876166045286325], ""type"": ""Point""}";48.876166045286325, 2.3880047752671163
da-00531;53B RUE D AUTEUIL;75016;ENPLACE;646009.92;6861124.39;AUTEUIL SUD;"{""coordinates"": [2.26428932818441, 48.8478997329377], ""type"": ""Point""}";48.8478997329377, 2.26428932818441
da-00344;68 PLACE DE LA REUNION;75020;ENPLACE;656081.41;6861927.75;REUNION - PERE LACHAISE;"{""coordinates"": [2.4014423486480587, 48.855889524394286], ""type"": ""Point""}";48.855889524394286, 2.4014423486480587
da-00284;133 BOULEVARD DE CHARONNE;75011;ENPLACE;655415.15;6862116.38;LEON BLUM - FOLIE-REGNAULT;"{""coordinates"": [2.39234261348535, 48.85754017493792], ""type"": ""Point""}";48.85754017493792, 2.39234261348535
da-00610;6 RUE DE LA CHINE;75020;ENPLACE;655969.8;6863127.3;GAMBETTA;"{""coordinates"": [2.3997971412869576, 48.8666694255481], ""type"": ""Point""}";48.8666694255481, 2.3997971412869576
da-00587;1 RUE FERDINAND FLOCON;75018;ENPLACE;652010.33;6865864.51;CLIGNANCOURT - JULES JOFFRIN;"{""coordinates"": [2.345516130398475, 48.89100155620106], ""type"": ""Point""}";48.89100155620106, 2.345516130398475
da-00450;8 CITE FENELON;75009;ENPLACE;651752.62;6864520.64;PIGALLE - MARTYRS;"{""coordinates"": [2.342154414751096, 48.878897270509775], ""type"": ""Point""}";48.878897270509775, 2.342154414751096
da-00475;8 BOULEVARD DE REUILLY;75012;ENPLACE;655241.2;6860048.3;JARDIN DE REUILLY;"{""coordinates"": [2.3901895969968603, 48.83892985134314], ""type"": ""Point""}";48.83892985134314, 2.3901895969968603
da-00504;11 BOULEVARD EDGAR QUINET;75014;ENPLACE;650454.72;6860332.63;MONTPARNASSE - RASPAIL;"{""coordinates"": [2.324946796003311, 48.84113659093817], ""type"": ""Point""}";48.84113659093817, 2.324946796003311
da-00680;51 RUE MICHEL ANGE;75016;ENPLACE;645767.87;6860694.88;AUTEUIL SUD;"{""coordinates"": [2.261045937674525, 48.84401692149776], ""type"": ""Point""}";48.84401692149776, 2.261045937674525
da-00709;26 RUE DU RENARD;75004;ENPLACE;652535.1;6862437.87;SAINT - MERRI;"{""coordinates"": [2.353055521130644, 48.860225514048246], ""type"": ""Point""}";48.860225514048246, 2.353055521130644
da-00801;7 BOULEVARD DE REUILLY;75012;ENPLACE;655243.56;6860074.25;JARDIN DE REUILLY;"{""coordinates"": [2.390219079917804, 48.839163303310585], ""type"": ""Point""}";48.839163303310585, 2.390219079917804
DA-00150;17 RUE DUBAN;75016;ENPLACE;646988.13;6862181.34;MUETTE SUD;"{""coordinates"": [2.2774865592063467, 48.85748594841632], ""type"": ""Point""}";48.85748594841632, 2.2774865592063467
DA-00188;13 RUE JEAN VARENNE;75018;ENPLACE;651341.79;6866737.64;MOSKOWA - PORTE MONTMARTRE - PORTE DE CLIGNANCOURT;"{""coordinates"": [2.3362989899584448, 48.898803037590405], ""type"": ""Point""}";48.898803037590405, 2.3362989899584448
da-00574;127 RUE DE MENILMONTANT;75020;ENPLACE;655607.17;6863504.32;BELLEVILLE;"{""coordinates"": [2.3948146658418588, 48.87003494442065], ""type"": ""Point""}";48.87003494442065, 2.3948146658418588
da-00429;32 PLACE DU MARCHE SAINT HONORE;75001;ENPLACE;651009.86;6863189.22;PLACE VENDOME;"{""coordinates"": [2.332180949121985, 48.86686811319372], ""type"": ""Point""}";48.86686811319372, 2.332180949121985
da-00323;1 PLACE BAUDOYER;75004;ENPLACE;652677.9;6861968.77;SAINT - GERVAIS;"{""coordinates"": [2.355054030419194, 48.85601743502949], ""type"": ""Point""}";48.85601743502949, 2.355054030419194
da-00505;2V PLACE MARCEL CERDAN;75015;ENPLACE;648076.65;6861437.45;DUPLEIX - LA MOTTE PICQUET;"{""coordinates"": [2.292412419816956, 48.850884921212476], ""type"": ""Point""}";48.850884921212476, 2.292412419816956
da-00510;158 ROND POINT SAINT CHARLES;75015;ENPLACE;647259.39;6860468.01;CITROEN - BOUCICAUT;"{""coordinates"": [2.281396001135779, 48.84210045644833], ""type"": ""Point""}";48.84210045644833, 2.281396001135779
da-00518;30 BOULEVARD DES BATIGNOLLES;75017;ENPLACE;650456.49;6864983.36;BATIGNOLLES;"{""coordinates"": [2.324428728274006, 48.88295996250387], ""type"": ""Point""}";48.88295996250387, 2.324428728274006
da-00773;29 RUE DES ARDENNES;75019;ENPLACE;654952.28;6865628.68;MANIN - JAURES;"{""coordinates"": [2.385661851109857, 48.88909331238749], ""type"": ""Point""}";48.88909331238749, 2.385661851109857
da-00760;8 PLACE DE L ARGONNE;75019;ENPLACE;654768.76;6866156.84;PONT DE FLANDRE;"{""coordinates"": [2.383102929965919, 48.89383000988831], ""type"": ""Point""}";48.89383000988831, 2.383102929965919
da-00753;31 RUE VILLIOT;75012;ENPLACE;654191.14;6860390.03;ALIGRE - GARE DE LYON;"{""coordinates"": [2.3758470076251172, 48.84192925612597], ""type"": ""Point""}";48.84192925612597, 2.3758470076251172
da-00799;190 AVENUE DE VERSAILLES;75016;ENPLACE;645785.77;6860165.87;AUTEUIL SUD;"{""coordinates"": [2.2613571849835274, 48.8392610704623], ""type"": ""Point""}";48.8392610704623, 2.2613571849835274
da-00803;5 RUE DE L EPERON;75006;ENPLACE;651624.93;6861623.2;MONNAIE;"{""coordinates"": [2.3407432556379577, 48.85283151142497], ""type"": ""Point""}";48.85283151142497, 2.3407432556379577
da-00835;146 QUAI DE JEMMAPES;75010;ENPLACE;653489.13;6864311.21;GRANGE AUX BELLES - TERRAGE;"{""coordinates"": [2.3658533859273985, 48.87714174686981], ""type"": ""Point""}";48.87714174686981, 2.3658533859273985
da-00561;13 RUE DU FAUCONNIER;75004;ENPLACE;653023.68;6861752.13;SAINT - GERVAIS;"{""coordinates"": [2.3597903238548654, 48.854094538617616], ""type"": ""Point""}";48.854094538617616, 2.3597903238548654
da-00644;22 RUE DE LA SAIDA;75015;ENPLACE;648306.1;6859317.28;GEORGES BRASSENS;"{""coordinates"": [2.2957967501398375, 48.83183674785427], ""type"": ""Point""}";48.83183674785427, 2.2957967501398375
DA-00159;9T RUE DE LA GUADELOUPE;75018;ENPLACE;653195.81;6865824.47;LA CHAPELLE - MARX DORMOY;"{""coordinates"": [2.3616874624944644, 48.89072876976676], ""type"": ""Point""}";48.89072876976676, 2.3616874624944644
da-00575;68 PLACE DE LA REUNION;75020;ENPLACE;656080.27;6861929.15;REUNION - PERE LACHAISE;"{""coordinates"": [2.40142671220378, 48.85590208470547], ""type"": ""Point""}";48.85590208470547, 2.40142671220378
DA-00196;23M PLACE JEANNE D ARC;75013;ENPLACE;653596.96;6859049.58;MASSENA - JEANNE D'ARC;"{""coordinates"": [2.367897749439272, 48.829831964467], ""type"": ""Point""}";48.829831964467, 2.367897749439272
da-00496;115 BOULEVARD JOURDAN;75014;ENPLACE;650589.33;6858284.26;JEAN MOULIN - PORTE D'ORLEANS;"{""coordinates"": [2.327018585703982, 48.82272573868282], ""type"": ""Point""}";48.82272573868282, 2.327018585703982
da-00584;8 PLACE CONSTANTIN PECQUEUR;75018;ENPLACE;651484.38;6865691.26;MONTMARTRE;"{""coordinates"": [2.338363350479277, 48.889404108616866], ""type"": ""Point""}";48.889404108616866, 2.338363350479277
da-00600;13 RUE DE LA GRENADE;75019;ENPLACE;655880.9;6865560.04;DANUBE;"{""coordinates"": [2.3983325870116032, 48.88854038617349], ""type"": ""Point""}";48.88854038617349, 2.3983325870116032
da-00407;58 BOULEVARD MORTIER;75020;ENPLACE;656658.46;6863284.36;GAMBETTA;"{""coordinates"": [2.409168266358184, 48.868128558370174], ""type"": ""Point""}";48.868128558370174, 2.409168266358184
da-00766;46 RUE DES SOLITAIRES;75019;ENPLACE;655377.31;6864240.32;PLACE DES FETES;"{""coordinates"": [2.391603913347968, 48.8766378494582], ""type"": ""Point""}";48.8766378494582, 2.391603913347968
da-00428;1 RUE MONTORGUEIL;75001;ENPLACE;652033.69;6862764.61;LES HALLES;"{""coordinates"": [2.34618477692696, 48.86312672866203], ""type"": ""Point""}";48.86312672866203, 2.34618477692696
da-00439;2T RUE LOBINEAU;75006;ENPLACE;651323.76;6861514.87;ODEON;"{""coordinates"": [2.3366514971235883, 48.851834652287685], ""type"": ""Point""}";48.851834652287685, 2.3366514971235883
da-00787;8 RUE LEGOUVE;75010;ENPLACE;653195.07;6863780.17;CHATEAU D'EAU - LANCRY;"{""coordinates"": [2.3619026670096503, 48.872344866359576], ""type"": ""Point""}";48.872344866359576, 2.3619026670096503
da-00488;23M PLACE JEANNE D ARC;75013;ENPLACE;653597.87;6859048.39;MASSENA - JEANNE D'ARC;"{""coordinates"": [2.3679103135273514, 48.82982127079231], ""type"": ""Point""}";48.82982127079231, 2.3679103135273514
DA-00213;19V AVENUE TRUDAINE;75009;ENPLACE;651896.78;6864814.94;ANVERS - MONTHOLON;"{""coordinates"": [2.3440866175931667, 48.881554634773096], ""type"": ""Point""}";48.881554634773096, 2.3440866175931667
da-00515;1 RUE BOIS LE VENT;75016;ENPLACE;646970.87;6862188.14;MUETTE SUD;"{""coordinates"": [2.2772505287965523, 48.857545701875296], ""type"": ""Point""}";48.857545701875296, 2.2772505287965523
da-00733;14 BOULEVARD D INDOCHINE;75019;ENPLACE;655828.09;6865176.48;DANUBE;"{""coordinates"": [2.3976523951301663, 48.885087571899724], ""type"": ""Point""}";48.885087571899724, 2.3976523951301663
da-00752;31 RUE VILLIOT;75012;ENPLACE;654193.68;6860390.48;ALIGRE - GARE DE LYON;"{""coordinates"": [2.3758815386042405, 48.84193346452368], ""type"": ""Point""}";48.84193346452368, 2.3758815386042405
da-00821;71V AVENUE DE SAINT MANDE;75012;ENPLACE;656412.12;6860687.25;BEL - AIR NORD;"{""coordinates"": [2.406076566232956, 48.844756241415624], ""type"": ""Point""}";48.844756241415624, 2.406076566232956
da-00842;36 RUE CUGNOT;75018;ENPLACE;653372.5;6866067.31;LA CHAPELLE - MARX DORMOY;"{""coordinates"": [2.3640704161943065, 48.89292531393901], ""type"": ""Point""}";48.89292531393901, 2.3640704161943065
da-00550;3 RUE PETITOT;75019;ENPLACE;655461.19;6864242.02;PLACE DES FETES;"{""coordinates"": [2.3927472616611762, 48.8766589011242], ""type"": ""Point""}";48.8766589011242, 2.3927472616611762
DA-00239;129 BOULEVARD RICHARD LENOIR;75011;ENPLACE;653720.09;6863086.09;REPUBLIQUE - SAINT-AMBROISE;"{""coordinates"": [2.369135597195989, 48.86614106452471], ""type"": ""Point""}";48.86614106452471, 2.369135597195989
DA-00157;2 RUE FARADAY;75017;ENPLACE;648068.75;6864816.55;TERNES - MAILLOT;"{""coordinates"": [2.291891766716141, 48.88127173020601], ""type"": ""Point""}";48.88127173020601, 2.291891766716141
da-00554;12 RUE DE JOINVILLE;75019;ENPLACE;654533.33;6865703.39;BASSIN DE LA VILLETTE;"{""coordinates"": [2.3799407214555037, 48.889735780079015], ""type"": ""Point""}";48.889735780079015, 2.3799407214555037
da-00566;76 AVENUE D ITALIE;75013;ENPLACE;652795.04;6858672.08;NATIONALE - DEUX MOULINS;"{""coordinates"": [2.3570162667348034, 48.8263787972196], ""type"": ""Point""}";48.8263787972196, 2.3570162667348034
DA-00236;133 BOULEVARD DE CHARONNE;75011;ENPLACE;655417.67;6862124.93;LEON BLUM - FOLIE-REGNAULT;"{""coordinates"": [2.392376127919827, 48.857617236567926], ""type"": ""Point""}";48.857617236567926, 2.392376127919827
da-00604;55 RUE DE L OURCQ;75019;ENPLACE;654600.74;6865882.15;BASSIN DE LA VILLETTE;"{""coordinates"": [2.3808409102495154, 48.891347991329994], ""type"": ""Point""}";48.891347991329994, 2.3808409102495154
da-00453;86V BOULEVARD DE MAGENTA;75010;ENPLACE;652728.92;6864271.64;SAINT - VINCENT DE PAUL - LARIBOISIERE;"{""coordinates"": [2.355493225581697, 48.87673048901335], ""type"": ""Point""}";48.87673048901335, 2.355493225581697
da-00745;9 RUE JEAN DOLENT;75014;ENPLACE;651558.69;6859449.04;MONTPARNASSE - RASPAIL;"{""coordinates"": [2.3400882369527913, 48.83327432882426], ""type"": ""Point""}";48.83327432882426, 2.3400882369527913
da-00591;20 RUE RICHOMME;75018;ENPLACE;652425.6;6865340.23;GOUTTE D'OR - CHATEAU ROUGE;"{""coordinates"": [2.3512381374951445, 48.886317699665646], ""type"": ""Point""}";48.886317699665646, 2.3512381374951445
da-00744;8V PLACE EMILE LANDRIN;75020;ENPLACE;655996.49;6862840.57;GAMBETTA;"{""coordinates"": [2.4001906054805726, 48.86409270596017], ""type"": ""Point""}";48.86409270596017, 2.4001906054805726
da-00820;71V AVENUE DE SAINT MANDE;75012;ENPLACE;656410.93;6860687.25;BEL - AIR NORD;"{""coordinates"": [2.4060602934523483, 48.84475616062808], ""type"": ""Point""}";48.84475616062808, 2.4060602934523483
da-00823;1S SQUARE ORNANO;75018;ENPLACE;652283.94;6866005.73;AMIRAUX - SIMPLON - POISSONNIERS;"{""coordinates"": [2.349231678299393, 48.89229183296138], ""type"": ""Point""}";48.89229183296138, 2.349231678299393
DA-00113;2T RUE LOBINEAU;75006;ENPLACE;651323.77;6861516.44;ODEON;"{""coordinates"": [2.3366514371116143, 48.85184878714093], ""type"": ""Point""}";48.85184878714093, 2.3366514371116143
da-00502;34 BOULEVARD EDGAR QUINET;75014;ENPLACE;650600.64;6860262.91;MONTPARNASSE - RASPAIL;"{""coordinates"": [2.326942925381658, 48.840520820245985], ""type"": ""Point""}";48.840520820245985, 2.326942925381658
DA-00216;24 RUE GROS;75016;ENPLACE;646821.9;6861502.3;AUTEUIL NORD;"{""coordinates"": [2.275306124798485, 48.85136579585688], ""type"": ""Point""}";48.85136579585688, 2.275306124798485
da-00595;54 BOULEVARD SERURIER;75019;ENPLACE;655875.3;6864632.65;DANUBE;"{""coordinates"": [2.3983525979337643, 48.88020022143177], ""type"": ""Point""}";48.88020022143177, 2.3983525979337643
DA-00198;67 RUE DE LA PROCESSION;75015;ENPLACE;649384.15;6859797.81;PASTEUR - MONTPARNASSE;"{""coordinates"": [2.310424557563592, 48.83624377952125], ""type"": ""Point""}";48.83624377952125, 2.310424557563592
da-00447;8 CITE FENELON;75009;ENPLACE;651749.66;6864521.75;PIGALLE - MARTYRS;"{""coordinates"": [2.3421139210186093, 48.878907095345895], ""type"": ""Point""}";48.878907095345895, 2.3421139210186093
da-00452;27 RUE BOUCHARDON;75010;ENPLACE;652913.72;6863636.65;CHATEAU D'EAU - LANCRY;"{""coordinates"": [2.358083131765975, 48.87103373892405], ""type"": ""Point""}";48.87103373892405, 2.358083131765975
da-00477;55 RUE DE REUILLY;75012;ENPLACE;655100.71;6860817.85;JARDIN DE REUILLY;"{""coordinates"": [2.388194300172476, 48.84584068750122], ""type"": ""Point""}";48.84584068750122, 2.388194300172476
da-00637;6 RUE LITTRE;75006;ENPLACE;650371.97;6860835.96;SAINT - PLACIDE;"{""coordinates"": [2.3237606367317416, 48.84565667653946], ""type"": ""Point""}";48.84565667653946, 2.3237606367317416
da-00501;32 BOULEVARD EDGAR QUINET;75014;ENPLACE;650605.91;6860258.81;MONTPARNASSE - RASPAIL;"{""coordinates"": [2.3270152097982297, 48.84048428634909], ""type"": ""Point""}";48.84048428634909, 2.3270152097982297
da-00791;15 PLACE HENRI BERGSON;75008;ENPLACE;650105.24;6864225.26;MAIRIE;"{""coordinates"": [2.3197284278622807, 48.87611552130738], ""type"": ""Point""}";48.87611552130738, 2.3197284278622807
da-00347;3 RUE DU CAPITAINE FERBER;75020;ENPLACE;656346.84;6862932.23;GAMBETTA;"{""coordinates"": [2.4049566106635685, 48.86494080792975], ""type"": ""Point""}";48.86494080792975, 2.4049566106635685
da-00747;12 RUE D ALESIA;75014;ENPLACE;651105.17;6858830.58;MONTSOURIS - DAREAU;"{""coordinates"": [2.3339813415723847, 48.82767822039348], ""type"": ""Point""}";48.82767822039348, 2.3339813415723847
da-00811;19 RUE CUSTINE;75018;ENPLACE;652158.07;6865581.05;MONTMARTRE;"{""coordinates"": [2.3475629399006044, 48.8884634320078], ""type"": ""Point""}";48.8884634320078, 2.3475629399006044
da-00832;181 RUE DU FAUBOURG SAINT MARTIN;75010;ENPLACE;653219.31;6864519.02;LOUIS BLANC - AQUEDUC;"{""coordinates"": [2.3621518082463173, 48.8789909757778], ""type"": ""Point""}";48.8789909757778, 2.3621518082463173
da-00833;12V PLACE DULCIE SEPTEMBER;75010;ENPLACE;653227.82;6864678.47;LOUIS BLANC - AQUEDUC;"{""coordinates"": [2.3622502723866616, 48.88042541959073], ""type"": ""Point""}";48.88042541959073, 2.3622502723866616
da-00838;14B RUE CLAVEL;75019;ENPLACE;654835.58;6864096.98;PLATEAU;"{""coordinates"": [2.3842333759754384, 48.8753110488081], ""type"": ""Point""}";48.8753110488081, 2.3842333759754384
